belt,form,strike_kick_block,stance,tkda_video,mta_video
White,Ki-Bon,N/A,Ready Stance A,https://youtu.be/K6U0z4oUXRg?si=gYr7xYEJS1JgOpFB,media/ki_bon_white.mp4
White,Ki-Bon,Left Low Block,Left Front Stance,https://youtu.be/K6U0z4oUXRg?si=gYr7xYEJS1JgOpFB,media/ki_bon_white.mp4
White,Ki-Bon,Right Punch Middle,Right Front Stance,https://youtu.be/K6U0z4oUXRg?si=gYr7xYEJS1JgOpFB,media/ki_bon_white.mp4
White,Ki-Bon,Right Low Block,Right Front Stance,https://youtu.be/K6U0z4oUXRg?si=gYr7xYEJS1JgOpFB,media/ki_bon_white.mp4
White,Ki-Bon,Left Punch Middle,Left Front Stance,https://youtu.be/K6U0z4oUXRg?si=gYr7xYEJS1JgOpFB,media/ki_bon_white.mp4
White,Ki-Bon,Left Inner Forearm Block,Left Back Stance,https://youtu.be/K6U0z4oUXRg?si=gYr7xYEJS1JgOpFB,media/ki_bon_white.mp4
White,Ki-Bon,Right Punch Middle,Right Front Stance,https://youtu.be/K6U0z4oUXRg?si=gYr7xYEJS1JgOpFB,media/ki_bon_white.mp4
White,Ki-Bon,Left High Block,Left Front Stance,https://youtu.be/K6U0z4oUXRg?si=gYr7xYEJS1JgOpFB,media/ki_bon_white.mp4
White,Ki-Bon,Right Reverse Punch (Ki Hap),Left Front Stance,https://youtu.be/K6U0z4oUXRg?si=gYr7xYEJS1JgOpFB,media/ki_bon_white.mp4
White,Ki-Bon,Right Inner Forearm Block,Right Back Stance,https://youtu.be/K6U0z4oUXRg?si=gYr7xYEJS1JgOpFB,media/ki_bon_white.mp4
White,Ki-Bon,Left Punch Middle,Left Front Stance,https://youtu.be/K6U0z4oUXRg?si=gYr7xYEJS1JgOpFB,media/ki_bon_white.mp4
White,Ki-Bon,Right High Block,Right Front Stance,https://youtu.be/K6U0z4oUXRg?si=gYr7xYEJS1JgOpFB,media/ki_bon_white.mp4
White,Ki-Bon,Left Reverse Punch (Ki Hap),Right Front Stance,https://youtu.be/K6U0z4oUXRg?si=gYr7xYEJS1JgOpFB,media/ki_bon_white.mp4
White,Ki-Bon,Left Knife Hand Strike Middle,Sitting Stance,https://youtu.be/K6U0z4oUXRg?si=gYr7xYEJS1JgOpFB,media/ki_bon_white.mp4
White,Ki-Bon,Right Knife Hand Strike Middle,Sitting Stance,https://youtu.be/K6U0z4oUXRg?si=gYr7xYEJS1JgOpFB,media/ki_bon_white.mp4
Yellow,Dan-Gun,N/A,Ready Stance A,https://youtu.be/3t_L3zKbulg?si=FxcfjPwzlicDYMZM,media/dan_gun_yellow.mp4
Yellow,Dan-Gun,Left Double Knife Hand Block,Left Back Stance,https://youtu.be/3t_L3zKbulg?si=FxcfjPwzlicDYMZM,media/dan_gun_yellow.mp4
Yellow,Dan-Gun,Right Punch High,Right Front Stance,https://youtu.be/3t_L3zKbulg?si=FxcfjPwzlicDYMZM,media/dan_gun_yellow.mp4
Yellow,Dan-Gun,Right Double Knife Hand Block,Right Back Stance,https://youtu.be/3t_L3zKbulg?si=FxcfjPwzlicDYMZM,media/dan_gun_yellow.mp4
Yellow,Dan-Gun,Left Punch High,Left Front Stance,https://youtu.be/3t_L3zKbulg?si=FxcfjPwzlicDYMZM,media/dan_gun_yellow.mp4
Yellow,Dan-Gun,Left Low Block,Left Front Stance,https://youtu.be/3t_L3zKbulg?si=FxcfjPwzlicDYMZM,media/dan_gun_yellow.mp4
Yellow,Dan-Gun,Right Punch High,Right Front Stance,https://youtu.be/3t_L3zKbulg?si=FxcfjPwzlicDYMZM,media/dan_gun_yellow.mp4
Yellow,Dan-Gun,Left Punch High,Left Front Stance,https://youtu.be/3t_L3zKbulg?si=FxcfjPwzlicDYMZM,media/dan_gun_yellow.mp4
Yellow,Dan-Gun,Right Punch High (Ki Hap),Right Front Stance,https://youtu.be/3t_L3zKbulg?si=FxcfjPwzlicDYMZM,media/dan_gun_yellow.mp4
Yellow,Dan-Gun,Left Square Block,Left Back Stance,https://youtu.be/3t_L3zKbulg?si=FxcfjPwzlicDYMZM,media/dan_gun_yellow.mp4
Yellow,Dan-Gun,Right Punch High,Right Front Stance,https://youtu.be/3t_L3zKbulg?si=FxcfjPwzlicDYMZM,media/dan_gun_yellow.mp4
Yellow,Dan-Gun,Right Square Block,Right Back Stance,https://youtu.be/3t_L3zKbulg?si=FxcfjPwzlicDYMZM,media/dan_gun_yellow.mp4
Yellow,Dan-Gun,Left Punch High,Left Front Stance,https://youtu.be/3t_L3zKbulg?si=FxcfjPwzlicDYMZM,media/dan_gun_yellow.mp4
Yellow,Dan-Gun,Left Low Block,Left Front Stance,https://youtu.be/3t_L3zKbulg?si=FxcfjPwzlicDYMZM,media/dan_gun_yellow.mp4
Yellow,Dan-Gun,Left High Block,No Change,https://youtu.be/3t_L3zKbulg?si=FxcfjPwzlicDYMZM,media/dan_gun_yellow.mp4
Yellow,Dan-Gun,Right High Block,Right Front Stance,https://youtu.be/3t_L3zKbulg?si=FxcfjPwzlicDYMZM,media/dan_gun_yellow.mp4
Yellow,Dan-Gun,Left High Block,Left Front Stance,https://youtu.be/3t_L3zKbulg?si=FxcfjPwzlicDYMZM,media/dan_gun_yellow.mp4
Yellow,Dan-Gun,Right High Block (Ki Hap),Right Front Stance,https://youtu.be/3t_L3zKbulg?si=FxcfjPwzlicDYMZM,media/dan_gun_yellow.mp4
Yellow,Dan-Gun,Left Knife Hand Strike High,Left Back Stance,https://youtu.be/3t_L3zKbulg?si=FxcfjPwzlicDYMZM,media/dan_gun_yellow.mp4
Yellow,Dan-Gun,Right Punch High,Right Front Stance,https://youtu.be/3t_L3zKbulg?si=FxcfjPwzlicDYMZM,media/dan_gun_yellow.mp4
Yellow,Dan-Gun,Right Knife Hand Strike High,Right Back Stance,https://youtu.be/3t_L3zKbulg?si=FxcfjPwzlicDYMZM,media/dan_gun_yellow.mp4
Yellow,Dan-Gun,Left Punch High,Left Front Stance,https://youtu.be/3t_L3zKbulg?si=FxcfjPwzlicDYMZM,media/dan_gun_yellow.mp4
Orange,Do-San,N/A,Ready Stance A,https://youtu.be/mDTg__rSn9Q?si=mGxkSiHEhsb-saz7,media/do_san_orange.mp4
Orange,Do-San,Left Outer Forearm Block,Left Front Stance,https://youtu.be/mDTg__rSn9Q?si=mGxkSiHEhsb-saz8,media/do_san_orange.mp4
Orange,Do-San,Right Reverse Punch Middle,No Change,https://youtu.be/mDTg__rSn9Q?si=mGxkSiHEhsb-saz9,media/do_san_orange.mp4
Orange,Do-San,Right Outer Forearm Block,Right Front Stance,https://youtu.be/mDTg__rSn9Q?si=mGxkSiHEhsb-saz10,media/do_san_orange.mp4
Orange,Do-San,Left Reverse Punch,No Change,https://youtu.be/mDTg__rSn9Q?si=mGxkSiHEhsb-saz11,media/do_san_orange.mp4
Orange,Do-San,Left Double Knife Hand Block,Left Back Stance,https://youtu.be/mDTg__rSn9Q?si=mGxkSiHEhsb-saz12,media/do_san_orange.mp4
Orange,Do-San,Right Spear Hand Middle (Ki Hap),Right Front Stance,https://youtu.be/mDTg__rSn9Q?si=mGxkSiHEhsb-saz13,media/do_san_orange.mp4
Orange,Do-San,Left Back Fitst,Left Front Stance,https://youtu.be/mDTg__rSn9Q?si=mGxkSiHEhsb-saz14,media/do_san_orange.mp4
Orange,Do-San,Right Back Fist,Right Front Stance,https://youtu.be/mDTg__rSn9Q?si=mGxkSiHEhsb-saz15,media/do_san_orange.mp4
Orange,Do-San,Left Outer Forearm Block,Left Front Stance,https://youtu.be/mDTg__rSn9Q?si=mGxkSiHEhsb-saz16,media/do_san_orange.mp4
Orange,Do-San,Right Reverse Punch,No Change,https://youtu.be/mDTg__rSn9Q?si=mGxkSiHEhsb-saz17,media/do_san_orange.mp4
Orange,Do-San,Right Outer Forearm Block,Right Front Stance,https://youtu.be/mDTg__rSn9Q?si=mGxkSiHEhsb-saz18,media/do_san_orange.mp4
Orange,Do-San,Left Reverse Punch,No Change,https://youtu.be/mDTg__rSn9Q?si=mGxkSiHEhsb-saz19,media/do_san_orange.mp4
Orange,Do-San,Left High Block,Left Front Stance,https://youtu.be/mDTg__rSn9Q?si=mGxkSiHEhsb-saz20,media/do_san_orange.mp4
Orange,Do-San,Right High Block,Right Front Stance,https://youtu.be/mDTg__rSn9Q?si=mGxkSiHEhsb-saz21,media/do_san_orange.mp4
Orange,Do-San,Left Knife Hand Strike Middle,Sitting Stance,https://youtu.be/mDTg__rSn9Q?si=mGxkSiHEhsb-saz22,media/do_san_orange.mp4
Orange,Do-San,Right Knife Hand Strike Middle (Ki Hap),Sitting Stance,https://youtu.be/mDTg__rSn9Q?si=mGxkSiHEhsb-saz23,media/do_san_orange.mp4
Sr Orange,Do-San,N/A,Ready Stance A,https://youtu.be/mDTg__rSn9Q?si=mGxkSiHEhsb-saz24,media/do_san_orange.mp4
Sr Orange,Do-San,Left Outer Forearm Block,Left Front Stance,https://youtu.be/mDTg__rSn9Q?si=mGxkSiHEhsb-saz25,media/do_san_orange.mp4
Sr Orange,Do-San,Right Reverse Punch Middle,No Change,https://youtu.be/mDTg__rSn9Q?si=mGxkSiHEhsb-saz26,media/do_san_orange.mp4
Sr Orange,Do-San,Right Outer Forearm Block,Right Front Stance,https://youtu.be/mDTg__rSn9Q?si=mGxkSiHEhsb-saz27,media/do_san_orange.mp4
Sr Orange,Do-San,Left Reverse Punch,No Change,https://youtu.be/mDTg__rSn9Q?si=mGxkSiHEhsb-saz28,media/do_san_orange.mp4
Sr Orange,Do-San,Left Double Knife Hand Block,Left Back Stance,https://youtu.be/mDTg__rSn9Q?si=mGxkSiHEhsb-saz29,media/do_san_orange.mp4
Sr Orange,Do-San,Right Spear Hand Middle (Ki Hap),Right Front Stance,https://youtu.be/mDTg__rSn9Q?si=mGxkSiHEhsb-saz30,media/do_san_orange.mp4
Sr Orange,Do-San,Left Back Fitst,Left Front Stance,https://youtu.be/mDTg__rSn9Q?si=mGxkSiHEhsb-saz31,media/do_san_orange.mp4
Sr Orange,Do-San,Right Back Fist,Right Front Stance,https://youtu.be/mDTg__rSn9Q?si=mGxkSiHEhsb-saz32,media/do_san_orange.mp4
Sr Orange,Do-San,Left Outer Forearm Block,Left Front Stance,https://youtu.be/mDTg__rSn9Q?si=mGxkSiHEhsb-saz33,media/do_san_orange.mp4
Sr Orange,Do-San,Right Reverse Punch,No Change,https://youtu.be/mDTg__rSn9Q?si=mGxkSiHEhsb-saz34,media/do_san_orange.mp4
Sr Orange,Do-San,Right Outer Forearm Block,Right Front Stance,https://youtu.be/mDTg__rSn9Q?si=mGxkSiHEhsb-saz35,media/do_san_orange.mp4
Sr Orange,Do-San,Left Reverse Punch,No Change,https://youtu.be/mDTg__rSn9Q?si=mGxkSiHEhsb-saz36,media/do_san_orange.mp4
Sr Orange,Do-San,Left High Block,Left Front Stance,https://youtu.be/mDTg__rSn9Q?si=mGxkSiHEhsb-saz37,media/do_san_orange.mp4
Sr Orange,Do-San,Right High Block,Right Front Stance,https://youtu.be/mDTg__rSn9Q?si=mGxkSiHEhsb-saz38,media/do_san_orange.mp4
Sr Orange,Do-San,Left Knife Hand Strike Middle,Sitting Stance,https://youtu.be/mDTg__rSn9Q?si=mGxkSiHEhsb-saz39,media/do_san_orange.mp4
Sr Orange,Do-San,Right Knife Hand Strike Middle (Ki Hap),Sitting Stance,https://youtu.be/mDTg__rSn9Q?si=mGxkSiHEhsb-saz40,media/do_san_orange.mp4
Green,Won-Hyo,N/A,Ready Stance B,https://youtu.be/gkXAnbPoFUI?si=zAZD7imGg1-Dj9RP,media/won_hyo_green.mp4
Green,Won-Hyo,Left Square Block,Left Back Stance,https://youtu.be/gkXAnbPoFUI?si=zAZD7imGg1-Dj9RP,
Green,Won-Hyo,Right Reverse Outside Knifehand Strike High,No Change,https://youtu.be/gkXAnbPoFUI?si=zAZD7imGg1-Dj9RP,
Green,Won-Hyo,Left Punch Middle,Left Fixed Stance,https://youtu.be/gkXAnbPoFUI?si=zAZD7imGg1-Dj9RP,
Green,Won-Hyo,Right Square Block,Right Back Stance,https://youtu.be/gkXAnbPoFUI?si=zAZD7imGg1-Dj9RP,
Green,Won-Hyo,Left Reverse Outside Knifehand Strike High,No Change,https://youtu.be/gkXAnbPoFUI?si=zAZD7imGg1-Dj9RP,
Green,Won-Hyo,Right Punch Middle,Right Fixed Stance,https://youtu.be/gkXAnbPoFUI?si=zAZD7imGg1-Dj9RP,
Green,Won-Hyo,Left Double Fist Block,Closed Stance,https://youtu.be/gkXAnbPoFUI?si=zAZD7imGg1-Dj9RP,
Green,Won-Hyo,Left Side Kick,N/A,https://youtu.be/gkXAnbPoFUI?si=zAZD7imGg1-Dj9RP,
Green,Won-Hyo,Left Double Knife Hand Block,Left Back Stance,https://youtu.be/gkXAnbPoFUI?si=zAZD7imGg1-Dj9RP,
Green,Won-Hyo,Right Double Knife Hand Block,Right Back Stance,https://youtu.be/gkXAnbPoFUI?si=zAZD7imGg1-Dj9RP,
Green,Won-Hyo,Left Double Knife Hand Block,Left Back Stance,https://youtu.be/gkXAnbPoFUI?si=zAZD7imGg1-Dj9RP,
Green,Won-Hyo,Right Spearhand Middle (Ki-Hap),Right Front Stance,https://youtu.be/gkXAnbPoFUI?si=zAZD7imGg1-Dj9RP,
Green,Won-Hyo,Left Square Block,Left Back Stance,https://youtu.be/gkXAnbPoFUI?si=zAZD7imGg1-Dj9RP,
Green,Won-Hyo,Right Reverse Outside Knifehand Strike High,No Change,https://youtu.be/gkXAnbPoFUI?si=zAZD7imGg1-Dj9RP,
Green,Won-Hyo,Left Punch Middle,Left Fixed Stance,https://youtu.be/gkXAnbPoFUI?si=zAZD7imGg1-Dj9RP,
Green,Won-Hyo,Right Square Block,Right Back Stance,https://youtu.be/gkXAnbPoFUI?si=zAZD7imGg1-Dj9RP,
Green,Won-Hyo,Left Reverse Outside Knifehand Strike High,No Change,https://youtu.be/gkXAnbPoFUI?si=zAZD7imGg1-Dj9RP,
Green,Won-Hyo,Right Punch Middle,Right Fixed Stance,https://youtu.be/gkXAnbPoFUI?si=zAZD7imGg1-Dj9RP,
Green,Won-Hyo,Right Reverse Inner Forearm Block,Left Front Stance,https://youtu.be/gkXAnbPoFUI?si=zAZD7imGg1-Dj9RP,
Green,Won-Hyo,Right Front Kick,N/A,https://youtu.be/gkXAnbPoFUI?si=zAZD7imGg1-Dj9RP,
Green,Won-Hyo,Left Reverse Punch Middle,Right Front Stance,https://youtu.be/gkXAnbPoFUI?si=zAZD7imGg1-Dj9RP,
Green,Won-Hyo,Left Rverse Inner Forearm Blcok,No Change,https://youtu.be/gkXAnbPoFUI?si=zAZD7imGg1-Dj9RP,
Green,Won-Hyo,Left Front Kick,N/A,https://youtu.be/gkXAnbPoFUI?si=zAZD7imGg1-Dj9RP,
Green,Won-Hyo,Right Reverse Punch Middle,Left Front Stance,https://youtu.be/gkXAnbPoFUI?si=zAZD7imGg1-Dj9RP,
Green,Won-Hyo,Right Side Kick (Ki-Hap),N/A,https://youtu.be/gkXAnbPoFUI?si=zAZD7imGg1-Dj9RP,
Green,Won-Hyo,Left Double Fist Block,Left Back Stance,https://youtu.be/gkXAnbPoFUI?si=zAZD7imGg1-Dj9RP,
Green,Won-Hyo,Right Double Fist Block,Right Back Stance,https://youtu.be/gkXAnbPoFUI?si=zAZD7imGg1-Dj9RP,
Sr Green,Won-Hyo,N/A,Ready Stance B,https://youtu.be/gkXAnbPoFUI?si=zAZD7imGg1-Dj9RP,
Sr Green,Won-Hyo,Left Square Block,Left Back Stance,https://youtu.be/gkXAnbPoFUI?si=zAZD7imGg1-Dj9RP,
Sr Green,Won-Hyo,Right Reverse Outside Knifehand Strike High,No Change,https://youtu.be/gkXAnbPoFUI?si=zAZD7imGg1-Dj9RP,
Sr Green,Won-Hyo,Left Punch Middle,Left Fixed Stance,https://youtu.be/gkXAnbPoFUI?si=zAZD7imGg1-Dj9RP,
Sr Green,Won-Hyo,Right Square Block,Right Back Stance,https://youtu.be/gkXAnbPoFUI?si=zAZD7imGg1-Dj9RP,
Sr Green,Won-Hyo,Left Reverse Outside Knifehand Strike High,No Change,https://youtu.be/gkXAnbPoFUI?si=zAZD7imGg1-Dj9RP,
Sr Green,Won-Hyo,Right Punch Middle,Right Fixed Stance,https://youtu.be/gkXAnbPoFUI?si=zAZD7imGg1-Dj9RP,
Sr Green,Won-Hyo,Left Double Fist Block,Closed Stance,https://youtu.be/gkXAnbPoFUI?si=zAZD7imGg1-Dj9RP,
Sr Green,Won-Hyo,Left Side Kick,N/A,https://youtu.be/gkXAnbPoFUI?si=zAZD7imGg1-Dj9RP,
Sr Green,Won-Hyo,Left Double Knife Hand Block,Left Back Stance,https://youtu.be/gkXAnbPoFUI?si=zAZD7imGg1-Dj9RP,
Sr Green,Won-Hyo,Right Double Knife Hand Block,Right Back Stance,https://youtu.be/gkXAnbPoFUI?si=zAZD7imGg1-Dj9RP,
Sr Green,Won-Hyo,Left Double Knife Hand Block,Left Back Stance,https://youtu.be/gkXAnbPoFUI?si=zAZD7imGg1-Dj9RP,
Sr Green,Won-Hyo,Right Spearhand Middle (Ki-Hap),Right Front Stance,https://youtu.be/gkXAnbPoFUI?si=zAZD7imGg1-Dj9RP,
Sr Green,Won-Hyo,Left Square Block,Left Back Stance,https://youtu.be/gkXAnbPoFUI?si=zAZD7imGg1-Dj9RP,
Sr Green,Won-Hyo,Right Reverse Outside Knifehand Strike High,No Change,https://youtu.be/gkXAnbPoFUI?si=zAZD7imGg1-Dj9RP,
Sr Green,Won-Hyo,Left Punch Middle,Left Fixed Stance,https://youtu.be/gkXAnbPoFUI?si=zAZD7imGg1-Dj9RP,
Sr Green,Won-Hyo,Right Square Block,Right Back Stance,https://youtu.be/gkXAnbPoFUI?si=zAZD7imGg1-Dj9RP,
Sr Green,Won-Hyo,Left Reverse Outside Knifehand Strike High,No Change,https://youtu.be/gkXAnbPoFUI?si=zAZD7imGg1-Dj9RP,
Sr Green,Won-Hyo,Right Punch Middle,Right Fixed Stance,https://youtu.be/gkXAnbPoFUI?si=zAZD7imGg1-Dj9RP,
Sr Green,Won-Hyo,Right Reverse Inner Forearm Block,Left Front Stance,https://youtu.be/gkXAnbPoFUI?si=zAZD7imGg1-Dj9RP,
Sr Green,Won-Hyo,Right Front Kick,N/A,https://youtu.be/gkXAnbPoFUI?si=zAZD7imGg1-Dj9RP,
Sr Green,Won-Hyo,Left Reverse Punch Middle,Right Front Stance,https://youtu.be/gkXAnbPoFUI?si=zAZD7imGg1-Dj9RP,
Sr Green,Won-Hyo,Left Rverse Inner Forearm Blcok,No Change,https://youtu.be/gkXAnbPoFUI?si=zAZD7imGg1-Dj9RP,
Sr Green,Won-Hyo,Left Front Kick,N/A,https://youtu.be/gkXAnbPoFUI?si=zAZD7imGg1-Dj9RP,
Sr Green,Won-Hyo,Right Reverse Punch Middle,Left Front Stance,https://youtu.be/gkXAnbPoFUI?si=zAZD7imGg1-Dj9RP,
Sr Green,Won-Hyo,Right Side Kick (Ki-Hap),N/A,https://youtu.be/gkXAnbPoFUI?si=zAZD7imGg1-Dj9RP,
Sr Green,Won-Hyo,Left Double Fist Block,Left Back Stance,https://youtu.be/gkXAnbPoFUI?si=zAZD7imGg1-Dj9RP,
Sr Green,Won-Hyo,Right Double Fist Block,Right Back Stance,https://youtu.be/gkXAnbPoFUI?si=zAZD7imGg1-Dj9RP,
Purple,Yul-Guk,N/A,Ready Stance A,https://youtu.be/0Lzk6-Bbykk?si=E8IUznrWUQt211ni,media/yul_guk_purple.mp4
Purple,Yul-Guk,Left Punch Middle (Medium,Sitting Stance,https://youtu.be/0Lzk6-Bbykk?si=E8IUznrWUQt211ni,
Purple,Yul-Guk,Right Punch Middle,No Change,https://youtu.be/0Lzk6-Bbykk?si=E8IUznrWUQt211ni,
Purple,Yul-Guk,Left Punch Middle,No Change,https://youtu.be/0Lzk6-Bbykk?si=E8IUznrWUQt211ni,
Purple,Yul-Guk,Right Punch Middle (Medium),Sitting Stance,https://youtu.be/0Lzk6-Bbykk?si=E8IUznrWUQt211ni,
Purple,Yul-Guk,Left Punch Middle,No Change,https://youtu.be/0Lzk6-Bbykk?si=E8IUznrWUQt211ni,
Purple,Yul-Guk,Right Punch Middle,No Change,https://youtu.be/0Lzk6-Bbykk?si=E8IUznrWUQt211ni,
Purple,Yul-Guk,Right Inner Forearm Block,Right Front Stance,https://youtu.be/0Lzk6-Bbykk?si=E8IUznrWUQt211ni,
Purple,Yul-Guk,Left Front Kick,N/A,https://youtu.be/0Lzk6-Bbykk?si=E8IUznrWUQt211ni,
Purple,Yul-Guk,Left Punch Middle,Left Front Stance,https://youtu.be/0Lzk6-Bbykk?si=E8IUznrWUQt211ni,
Purple,Yul-Guk,Right Reverse Punch Middle,No Change,https://youtu.be/0Lzk6-Bbykk?si=E8IUznrWUQt211ni,
Purple,Yul-Guk,Left Inner Forearm Block,Left Front Stance,https://youtu.be/0Lzk6-Bbykk?si=E8IUznrWUQt211ni,
Purple,Yul-Guk,Right Front Kick,N/A,https://youtu.be/0Lzk6-Bbykk?si=E8IUznrWUQt211ni,
Purple,Yul-Guk,Right Punch Middle,Right Front Stance,https://youtu.be/0Lzk6-Bbykk?si=E8IUznrWUQt211ni,
Purple,Yul-Guk,Left Reverse Punch Middle,No Change,https://youtu.be/0Lzk6-Bbykk?si=E8IUznrWUQt211ni,
Purple,Yul-Guk,Right Hooking Block (Medium),Right Front Stance,https://youtu.be/0Lzk6-Bbykk?si=E8IUznrWUQt211ni,
Purple,Yul-Guk,Left Hooking Block (Medium),No Change,https://youtu.be/0Lzk6-Bbykk?si=E8IUznrWUQt211ni,
Purple,Yul-Guk,Right Punch Middle,No Change,https://youtu.be/0Lzk6-Bbykk?si=E8IUznrWUQt211ni,
Purple,Yul-Guk,Left Hooking Block (Medium),Left Front Stance,https://youtu.be/0Lzk6-Bbykk?si=E8IUznrWUQt211ni,
Purple,Yul-Guk,Right Hooking Block (Medium),No Change,https://youtu.be/0Lzk6-Bbykk?si=E8IUznrWUQt211ni,
Purple,Yul-Guk,Left Punch Middle,No Change,https://youtu.be/0Lzk6-Bbykk?si=E8IUznrWUQt211ni,
Purple,Yul-Guk,Right Punch Middle (Ki-Hap),Right Front Stance,https://youtu.be/0Lzk6-Bbykk?si=E8IUznrWUQt211ni,
Purple,Yul-Guk,Left Side Kick,N/A,https://youtu.be/0Lzk6-Bbykk?si=E8IUznrWUQt211ni,
Purple,Yul-Guk,Right Reverse Horizontal Elbow Strike To Left Palm,Left Front Stance,https://youtu.be/0Lzk6-Bbykk?si=E8IUznrWUQt211ni,
Purple,Yul-Guk,Right Side Kick,N/A,https://youtu.be/0Lzk6-Bbykk?si=E8IUznrWUQt211ni,
Purple,Yul-Guk,Left Reverse Horizontal Elbow Strike To Right Palm,Right Front Stance,https://youtu.be/0Lzk6-Bbykk?si=E8IUznrWUQt211ni,
Purple,Yul-Guk,Left Knifehand Square Block,Left Back Stance,https://youtu.be/0Lzk6-Bbykk?si=E8IUznrWUQt211ni,
Purple,Yul-Guk,Right Spearhand Middle,Right Front Stance,https://youtu.be/0Lzk6-Bbykk?si=E8IUznrWUQt211ni,
Purple,Yul-Guk,Right Knifehand Square Block,Right Back Stance,https://youtu.be/0Lzk6-Bbykk?si=E8IUznrWUQt211ni,
Purple,Yul-Guk,Left Spearhand Middle,Left Front Stance,https://youtu.be/0Lzk6-Bbykk?si=E8IUznrWUQt211ni,
Purple,Yul-Guk,Left Inner Forearm Block,Left Front Stance,https://youtu.be/0Lzk6-Bbykk?si=E8IUznrWUQt211ni,
Purple,Yul-Guk,Right Reverse Punch Middle,No Change,https://youtu.be/0Lzk6-Bbykk?si=E8IUznrWUQt211ni,
Purple,Yul-Guk,Right Inner Forearm Block,Right Front Stance,https://youtu.be/0Lzk6-Bbykk?si=E8IUznrWUQt211ni,
Purple,Yul-Guk,Left Reverse Punch Middle,No Change,https://youtu.be/0Lzk6-Bbykk?si=E8IUznrWUQt211ni,
Purple,Yul-Guk,Left Downward Backfist (Ki-Hap),Left X Stance,https://youtu.be/0Lzk6-Bbykk?si=E8IUznrWUQt211ni,
Purple,Yul-Guk,Right Double Inner Forearm Block,Right Front Stance,https://youtu.be/0Lzk6-Bbykk?si=E8IUznrWUQt211ni,
Purple,Yul-Guk,Left Double Inner Forearm Block,Left Front Stance,https://youtu.be/0Lzk6-Bbykk?si=E8IUznrWUQt211ni,
Sr Purple,Yul-Guk,N/A,Ready Stance A,https://youtu.be/0Lzk6-Bbykk?si=E8IUznrWUQt211ni,
Sr Purple,Yul-Guk,Left Punch Middle (Medium,Sitting Stance,https://youtu.be/0Lzk6-Bbykk?si=E8IUznrWUQt211ni,
Sr Purple,Yul-Guk,Right Punch Middle,No Change,https://youtu.be/0Lzk6-Bbykk?si=E8IUznrWUQt211ni,
Sr Purple,Yul-Guk,Left Punch Middle,No Change,https://youtu.be/0Lzk6-Bbykk?si=E8IUznrWUQt211ni,
Sr Purple,Yul-Guk,Right Punch Middle (Medium),Sitting Stance,https://youtu.be/0Lzk6-Bbykk?si=E8IUznrWUQt211ni,
Sr Purple,Yul-Guk,Left Punch Middle,No Change,https://youtu.be/0Lzk6-Bbykk?si=E8IUznrWUQt211ni,
Sr Purple,Yul-Guk,Right Punch Middle,No Change,https://youtu.be/0Lzk6-Bbykk?si=E8IUznrWUQt211ni,
Sr Purple,Yul-Guk,Right Inner Forearm Block,Right Front Stance,https://youtu.be/0Lzk6-Bbykk?si=E8IUznrWUQt211ni,
Sr Purple,Yul-Guk,Left Front Kick,N/A,https://youtu.be/0Lzk6-Bbykk?si=E8IUznrWUQt211ni,
Sr Purple,Yul-Guk,Left Punch Middle,Left Front Stance,https://youtu.be/0Lzk6-Bbykk?si=E8IUznrWUQt211ni,
Sr Purple,Yul-Guk,Right Reverse Punch Middle,No Change,https://youtu.be/0Lzk6-Bbykk?si=E8IUznrWUQt211ni,
Sr Purple,Yul-Guk,Left Inner Forearm Block,Left Front Stance,https://youtu.be/0Lzk6-Bbykk?si=E8IUznrWUQt211ni,
Sr Purple,Yul-Guk,Right Front Kick,N/A,https://youtu.be/0Lzk6-Bbykk?si=E8IUznrWUQt211ni,
Sr Purple,Yul-Guk,Right Punch Middle,Right Front Stance,https://youtu.be/0Lzk6-Bbykk?si=E8IUznrWUQt211ni,
Sr Purple,Yul-Guk,Left Reverse Punch Middle,No Change,https://youtu.be/0Lzk6-Bbykk?si=E8IUznrWUQt211ni,
Sr Purple,Yul-Guk,Right Hooking Block (Medium),Right Front Stance,https://youtu.be/0Lzk6-Bbykk?si=E8IUznrWUQt211ni,
Sr Purple,Yul-Guk,Left Hooking Block (Medium),No Change,https://youtu.be/0Lzk6-Bbykk?si=E8IUznrWUQt211ni,
Sr Purple,Yul-Guk,Right Punch Middle,No Change,https://youtu.be/0Lzk6-Bbykk?si=E8IUznrWUQt211ni,
Sr Purple,Yul-Guk,Left Hooking Block (Medium),Left Front Stance,https://youtu.be/0Lzk6-Bbykk?si=E8IUznrWUQt211ni,
Sr Purple,Yul-Guk,Right Hooking Block (Medium),No Change,https://youtu.be/0Lzk6-Bbykk?si=E8IUznrWUQt211ni,
Sr Purple,Yul-Guk,Left Punch Middle,No Change,https://youtu.be/0Lzk6-Bbykk?si=E8IUznrWUQt211ni,
Sr Purple,Yul-Guk,Right Punch Middle (Ki-Hap),Right Front Stance,https://youtu.be/0Lzk6-Bbykk?si=E8IUznrWUQt211ni,
Sr Purple,Yul-Guk,Left Side Kick,N/A,https://youtu.be/0Lzk6-Bbykk?si=E8IUznrWUQt211ni,
Sr Purple,Yul-Guk,Right Reverse Horizontal Elbow Strike To Left Palm,Left Front Stance,https://youtu.be/0Lzk6-Bbykk?si=E8IUznrWUQt211ni,
Sr Purple,Yul-Guk,Right Side Kick,N/A,https://youtu.be/0Lzk6-Bbykk?si=E8IUznrWUQt211ni,
Sr Purple,Yul-Guk,Left Reverse Horizontal Elbow Strike To Right Palm,Right Front Stance,https://youtu.be/0Lzk6-Bbykk?si=E8IUznrWUQt211ni,
Sr Purple,Yul-Guk,Left Knifehand Square Block,Left Back Stance,https://youtu.be/0Lzk6-Bbykk?si=E8IUznrWUQt211ni,
Sr Purple,Yul-Guk,Right Spearhand Middle,Right Front Stance,https://youtu.be/0Lzk6-Bbykk?si=E8IUznrWUQt211ni,
Sr Purple,Yul-Guk,Right Knifehand Square Block,Right Back Stance,https://youtu.be/0Lzk6-Bbykk?si=E8IUznrWUQt211ni,
Sr Purple,Yul-Guk,Left Spearhand Middle,Left Front Stance,https://youtu.be/0Lzk6-Bbykk?si=E8IUznrWUQt211ni,
Sr Purple,Yul-Guk,Left Inner Forearm Block,Left Front Stance,https://youtu.be/0Lzk6-Bbykk?si=E8IUznrWUQt211ni,
Sr Purple,Yul-Guk,Right Reverse Punch Middle,No Change,https://youtu.be/0Lzk6-Bbykk?si=E8IUznrWUQt211ni,
Sr Purple,Yul-Guk,Right Inner Forearm Block,Right Front Stance,https://youtu.be/0Lzk6-Bbykk?si=E8IUznrWUQt211ni,
Sr Purple,Yul-Guk,Left Reverse Punch Middle,No Change,https://youtu.be/0Lzk6-Bbykk?si=E8IUznrWUQt211ni,
Sr Purple,Yul-Guk,Left Downward Backfist (Ki-Hap),Left X Stance,https://youtu.be/0Lzk6-Bbykk?si=E8IUznrWUQt211ni,
Sr Purple,Yul-Guk,Right Double Inner Forearm Block,Right Front Stance,https://youtu.be/0Lzk6-Bbykk?si=E8IUznrWUQt211ni,
Sr Purple,Yul-Guk,Left Double Inner Forearm Block,Left Front Stance,https://youtu.be/0Lzk6-Bbykk?si=E8IUznrWUQt211ni,
Blue,Joong-Gun,N/A,Ready Stance B,https://youtu.be/u4vDz1XC8u8?si=NJAzknqOWeotnSGQ,media/joong_gun_blue.mp4
Blue,Joong-Gun,Left Ridgehand Block,Left Cat Stance,https://youtu.be/u4vDz1XC8u8?si=NJAzknqOWeotnSGQ,
Blue,Joong-Gun,Left Front Kick,N/A,https://youtu.be/u4vDz1XC8u8?si=NJAzknqOWeotnSGQ,
Blue,Joong-Gun,Right Palm Heel Upset Strike,Right Back Stance,https://youtu.be/u4vDz1XC8u8?si=NJAzknqOWeotnSGQ,
Blue,Joong-Gun,Right Ridgehand Block,Right Cat Stance,https://youtu.be/u4vDz1XC8u8?si=NJAzknqOWeotnSGQ,
Blue,Joong-Gun,Right Front Kick,N/A,https://youtu.be/u4vDz1XC8u8?si=NJAzknqOWeotnSGQ,
Blue,Joong-Gun,Left Palm Heel Upset Strike,Left Back Stance,https://youtu.be/u4vDz1XC8u8?si=NJAzknqOWeotnSGQ,
Blue,Joong-Gun,Left Double Knifehand Block,Left Back Stance,https://youtu.be/u4vDz1XC8u8?si=NJAzknqOWeotnSGQ,
Blue,Joong-Gun,Right Reverse Upper Elbow High,Left Front Stance,https://youtu.be/u4vDz1XC8u8?si=NJAzknqOWeotnSGQ,
Blue,Joong-Gun,Right Double Knifehand Block,Right Back Stance,https://youtu.be/u4vDz1XC8u8?si=NJAzknqOWeotnSGQ,
Blue,Joong-Gun,Left Reverse Upper Elbow High,Right Front Stance,https://youtu.be/u4vDz1XC8u8?si=NJAzknqOWeotnSGQ,
Blue,Joong-Gun,Twin Punch High,Left Front Stance,https://youtu.be/u4vDz1XC8u8?si=NJAzknqOWeotnSGQ,
Blue,Joong-Gun,Twin Upset Punch Middle (Ki-Hap),Right Front Stance,https://youtu.be/u4vDz1XC8u8?si=NJAzknqOWeotnSGQ,
Blue,Joong-Gun,Left X Block High,Left Front Stance,https://youtu.be/u4vDz1XC8u8?si=NJAzknqOWeotnSGQ,
Blue,Joong-Gun,Left Back Fist ,Left Back Stance,https://youtu.be/u4vDz1XC8u8?si=NJAzknqOWeotnSGQ,
Blue,Joong-Gun,Left Wrist Release,No Change,https://youtu.be/u4vDz1XC8u8?si=NJAzknqOWeotnSGQ,
Blue,Joong-Gun,Right Reverse Punch High,Left Front Stance,https://youtu.be/u4vDz1XC8u8?si=NJAzknqOWeotnSGQ,
Blue,Joong-Gun,Right Back Fist,Right Back Stance,https://youtu.be/u4vDz1XC8u8?si=NJAzknqOWeotnSGQ,
Blue,Joong-Gun,Right Wrist Release,No Change,https://youtu.be/u4vDz1XC8u8?si=NJAzknqOWeotnSGQ,
Blue,Joong-Gun,Left Reverse Punch High,Right Front Stance,https://youtu.be/u4vDz1XC8u8?si=NJAzknqOWeotnSGQ,
Blue,Joong-Gun,Left Double Inner Forearm Block,Left Front Stance,https://youtu.be/u4vDz1XC8u8?si=NJAzknqOWeotnSGQ,
Blue,Joong-Gun,Left Punch Middle,Left Back Stance,https://youtu.be/u4vDz1XC8u8?si=NJAzknqOWeotnSGQ,
Blue,Joong-Gun,Right Side Kick,N/A,https://youtu.be/u4vDz1XC8u8?si=NJAzknqOWeotnSGQ,
Blue,Joong-Gun,Right Double Inner Forearm Block,Right Front Stance,https://youtu.be/u4vDz1XC8u8?si=NJAzknqOWeotnSGQ,
Blue,Joong-Gun,Right Punch Middle,Right Back Stance,https://youtu.be/u4vDz1XC8u8?si=NJAzknqOWeotnSGQ,
Blue,Joong-Gun,Left Side Kick,N/A,https://youtu.be/u4vDz1XC8u8?si=NJAzknqOWeotnSGQ,
Blue,Joong-Gun,Left Double Fist Block,Left Back Stance,https://youtu.be/u4vDz1XC8u8?si=NJAzknqOWeotnSGQ,
Blue,Joong-Gun,Left Double Palm Heel Press Block (Medium),Left Front Stance,https://youtu.be/u4vDz1XC8u8?si=NJAzknqOWeotnSGQ,
Blue,Joong-Gun,Right Double Fist Block,Right Back Stance,https://youtu.be/u4vDz1XC8u8?si=NJAzknqOWeotnSGQ,
Blue,Joong-Gun,Right Doulbe Palm Heel Press Block (Medium),Right Back Stance,https://youtu.be/u4vDz1XC8u8?si=NJAzknqOWeotnSGQ,
Blue,Joong-Gun,Right Horizontal Punch (Medium),Closed Stance,https://youtu.be/u4vDz1XC8u8?si=NJAzknqOWeotnSGQ,
Blue,Joong-Gun,Right C Block,Right Back Stance,https://youtu.be/u4vDz1XC8u8?si=NJAzknqOWeotnSGQ,
Blue,Joong-Gun,Left C Block (Ki-Hap),Left Back Stance,https://youtu.be/u4vDz1XC8u8?si=NJAzknqOWeotnSGQ,
Sr Blue,Joong-Gun,N/A,Ready Stance B,https://youtu.be/u4vDz1XC8u8?si=NJAzknqOWeotnSGQ,
Sr Blue,Joong-Gun,Left Ridgehand Block,Left Cat Stance,https://youtu.be/u4vDz1XC8u8?si=NJAzknqOWeotnSGQ,
Sr Blue,Joong-Gun,Left Front Kick,N/A,https://youtu.be/u4vDz1XC8u8?si=NJAzknqOWeotnSGQ,
Sr Blue,Joong-Gun,Right Palm Heel Upset Strike,Right Back Stance,https://youtu.be/u4vDz1XC8u8?si=NJAzknqOWeotnSGQ,
Sr Blue,Joong-Gun,Right Ridgehand Block,Right Cat Stance,https://youtu.be/u4vDz1XC8u8?si=NJAzknqOWeotnSGQ,
Sr Blue,Joong-Gun,Right Front Kick,N/A,https://youtu.be/u4vDz1XC8u8?si=NJAzknqOWeotnSGQ,
Sr Blue,Joong-Gun,Left Palm Heel Upset Strike,Left Back Stance,https://youtu.be/u4vDz1XC8u8?si=NJAzknqOWeotnSGQ,
Sr Blue,Joong-Gun,Left Double Knifehand Block,Left Back Stance,https://youtu.be/u4vDz1XC8u8?si=NJAzknqOWeotnSGQ,
Sr Blue,Joong-Gun,Right Reverse Upper Elbow High,Left Front Stance,https://youtu.be/u4vDz1XC8u8?si=NJAzknqOWeotnSGQ,
Sr Blue,Joong-Gun,Right Double Knifehand Block,Right Back Stance,https://youtu.be/u4vDz1XC8u8?si=NJAzknqOWeotnSGQ,
Sr Blue,Joong-Gun,Left Reverse Upper Elbow High,Right Front Stance,https://youtu.be/u4vDz1XC8u8?si=NJAzknqOWeotnSGQ,
Sr Blue,Joong-Gun,Twin Punch High,Left Front Stance,https://youtu.be/u4vDz1XC8u8?si=NJAzknqOWeotnSGQ,
Sr Blue,Joong-Gun,Twin Upset Punch Middle (Ki-Hap),Right Front Stance,https://youtu.be/u4vDz1XC8u8?si=NJAzknqOWeotnSGQ,
Sr Blue,Joong-Gun,Left X Block High,Left Front Stance,https://youtu.be/u4vDz1XC8u8?si=NJAzknqOWeotnSGQ,
Sr Blue,Joong-Gun,Left Back Fist ,Left Back Stance,https://youtu.be/u4vDz1XC8u8?si=NJAzknqOWeotnSGQ,
Sr Blue,Joong-Gun,Left Wrist Release,No Change,https://youtu.be/u4vDz1XC8u8?si=NJAzknqOWeotnSGQ,
Sr Blue,Joong-Gun,Right Reverse Punch High,Left Front Stance,https://youtu.be/u4vDz1XC8u8?si=NJAzknqOWeotnSGQ,
Sr Blue,Joong-Gun,Right Back Fist,Right Back Stance,https://youtu.be/u4vDz1XC8u8?si=NJAzknqOWeotnSGQ,
Sr Blue,Joong-Gun,Right Wrist Release,No Change,https://youtu.be/u4vDz1XC8u8?si=NJAzknqOWeotnSGQ,
Sr Blue,Joong-Gun,Left Reverse Punch High,Right Front Stance,https://youtu.be/u4vDz1XC8u8?si=NJAzknqOWeotnSGQ,
Sr Blue,Joong-Gun,Left Double Inner Forearm Block,Left Front Stance,https://youtu.be/u4vDz1XC8u8?si=NJAzknqOWeotnSGQ,
Sr Blue,Joong-Gun,Left Punch Middle,Left Back Stance,https://youtu.be/u4vDz1XC8u8?si=NJAzknqOWeotnSGQ,
Sr Blue,Joong-Gun,Right Side Kick,N/A,https://youtu.be/u4vDz1XC8u8?si=NJAzknqOWeotnSGQ,
Sr Blue,Joong-Gun,Right Double Inner Forearm Block,Right Front Stance,https://youtu.be/u4vDz1XC8u8?si=NJAzknqOWeotnSGQ,
Sr Blue,Joong-Gun,Right Punch Middle,Right Back Stance,https://youtu.be/u4vDz1XC8u8?si=NJAzknqOWeotnSGQ,
Sr Blue,Joong-Gun,Left Side Kick,N/A,https://youtu.be/u4vDz1XC8u8?si=NJAzknqOWeotnSGQ,
Sr Blue,Joong-Gun,Left Double Fist Block,Left Back Stance,https://youtu.be/u4vDz1XC8u8?si=NJAzknqOWeotnSGQ,
Sr Blue,Joong-Gun,Left Double Palm Heel Press Block (Medium),Left Front Stance,https://youtu.be/u4vDz1XC8u8?si=NJAzknqOWeotnSGQ,
Sr Blue,Joong-Gun,Right Double Fist Block,Right Back Stance,https://youtu.be/u4vDz1XC8u8?si=NJAzknqOWeotnSGQ,
Sr Blue,Joong-Gun,Right Doulbe Palm Heel Press Block (Medium),Right Back Stance,https://youtu.be/u4vDz1XC8u8?si=NJAzknqOWeotnSGQ,
Sr Blue,Joong-Gun,Right Horizontal Punch (Medium),Closed Stance,https://youtu.be/u4vDz1XC8u8?si=NJAzknqOWeotnSGQ,
Sr Blue,Joong-Gun,Right C Block,Right Back Stance,https://youtu.be/u4vDz1XC8u8?si=NJAzknqOWeotnSGQ,
Sr Blue,Joong-Gun,Left C Block (Ki-Hap),Left Back Stance,https://youtu.be/u4vDz1XC8u8?si=NJAzknqOWeotnSGQ,
Brown,Hwa-Rang,N/A,Ready Stance C,https://youtu.be/TYUfZ-FSUNs?si=NsstCea4EiIekCSe,media/hwa_rang_brown.mp4
Brown,Hwa-Rang,Left Palm Heel Strike Middle,Sitting Stance,https://youtu.be/TYUfZ-FSUNs?si=NsstCea4EiIekCSe,
Brown,Hwa-Rang,Right Punch Middle,No Change,https://youtu.be/TYUfZ-FSUNs?si=NsstCea4EiIekCSe,
Brown,Hwa-Rang,Left Punch Middle,No Change,https://youtu.be/TYUfZ-FSUNs?si=NsstCea4EiIekCSe,
Brown,Hwa-Rang,Right Square Block,Right Back Stance,https://youtu.be/TYUfZ-FSUNs?si=NsstCea4EiIekCSe,
Brown,Hwa-Rang,Left Reverse Upset Punch High,Right Back Stance,https://youtu.be/TYUfZ-FSUNs?si=NsstCea4EiIekCSe,
Brown,Hwa-Rang,Right Punch Middle,Right Fixed Stance,https://youtu.be/TYUfZ-FSUNs?si=NsstCea4EiIekCSe,
Brown,Hwa-Rang,Right Downward Knifehand Strike,L Stance,https://youtu.be/TYUfZ-FSUNs?si=NsstCea4EiIekCSe,
Brown,Hwa-Rang,Left Punch Middle,Left Front Stance,https://youtu.be/TYUfZ-FSUNs?si=NsstCea4EiIekCSe,
Brown,Hwa-Rang,Left Low Block,Left Front Stance,https://youtu.be/TYUfZ-FSUNs?si=NsstCea4EiIekCSe,
Brown,Hwa-Rang,Right Punch Middle,Right Front Stance,https://youtu.be/TYUfZ-FSUNs?si=NsstCea4EiIekCSe,
Brown,Hwa-Rang,Left Hand Grab,Ready Stance C,https://youtu.be/TYUfZ-FSUNs?si=NsstCea4EiIekCSe,
Brown,Hwa-Rang,Right Side Kick,N/A,https://youtu.be/TYUfZ-FSUNs?si=NsstCea4EiIekCSe,
Brown,Hwa-Rang,Right Knifehand Strike Middle,Right Back Stance,https://youtu.be/TYUfZ-FSUNs?si=NsstCea4EiIekCSe,
Brown,Hwa-Rang,Left Punch Middle,Left Front Stance,https://youtu.be/TYUfZ-FSUNs?si=NsstCea4EiIekCSe,
Brown,Hwa-Rang,Right Punch Middle (Ki-Hap),Right Front Stance,https://youtu.be/TYUfZ-FSUNs?si=NsstCea4EiIekCSe,
Brown,Hwa-Rang,Left Double Knifehand Block,Left Back Stance,https://youtu.be/TYUfZ-FSUNs?si=NsstCea4EiIekCSe,
Brown,Hwa-Rang,Right Spearhand Middle,Right Front Stance,https://youtu.be/TYUfZ-FSUNs?si=NsstCea4EiIekCSe,
Brown,Hwa-Rang,Left Double Knifehand Block,Left Back Stance,https://youtu.be/TYUfZ-FSUNs?si=NsstCea4EiIekCSe,
Brown,Hwa-Rang,Right Round Kick,N/A,https://youtu.be/TYUfZ-FSUNs?si=NsstCea4EiIekCSe,
Brown,Hwa-Rang,Left Round Kick,N/A,https://youtu.be/TYUfZ-FSUNs?si=NsstCea4EiIekCSe,
Brown,Hwa-Rang,Left Double Knifehand Block,Left Back Stance,https://youtu.be/TYUfZ-FSUNs?si=NsstCea4EiIekCSe,
Brown,Hwa-Rang,Left Low Block,Left Back Stance,https://youtu.be/TYUfZ-FSUNs?si=NsstCea4EiIekCSe,
Brown,Hwa-Rang,Right Reverse Punch Middle,Left Fixed Stance,https://youtu.be/TYUfZ-FSUNs?si=NsstCea4EiIekCSe,
Brown,Hwa-Rang,Left Reverse Punch Middle,Right Fixed Stance,https://youtu.be/TYUfZ-FSUNs?si=NsstCea4EiIekCSe,
Brown,Hwa-Rang,Right Reverse Punch Middle,Left Fixed Stance,https://youtu.be/TYUfZ-FSUNs?si=NsstCea4EiIekCSe,
Brown,Hwa-Rang,Left X Block Low,Left Front Stance,https://youtu.be/TYUfZ-FSUNs?si=NsstCea4EiIekCSe,
Brown,Hwa-Rang,Right Backward Elbow Strike (Ki-Hap),Left Front Stance,https://youtu.be/TYUfZ-FSUNs?si=NsstCea4EiIekCSe,
Brown,Hwa-Rang,Right Inner Forearm Block/Left Low Block,Closed Stance,https://youtu.be/TYUfZ-FSUNs?si=NsstCea4EiIekCSe,
Brown,Hwa-Rang,Left Inner Forearm Block/Right Low Block,No Change,https://youtu.be/TYUfZ-FSUNs?si=NsstCea4EiIekCSe,
Brown,Hwa-Rang,Left Double Knifehand Block,Left Back Stance,https://youtu.be/TYUfZ-FSUNs?si=NsstCea4EiIekCSe,
Brown,Hwa-Rang,Right Double Knifehand Block,Right Back Stance,https://youtu.be/TYUfZ-FSUNs?si=NsstCea4EiIekCSe,
Sr Brown,Hwa-Rang,N/A,Ready Stance C,https://youtu.be/TYUfZ-FSUNs?si=NsstCea4EiIekCSe,
Sr Brown,Hwa-Rang,Left Palm Heel Strike Middle,Sitting Stance,https://youtu.be/TYUfZ-FSUNs?si=NsstCea4EiIekCSe,
Sr Brown,Hwa-Rang,Right Punch Middle,No Change,https://youtu.be/TYUfZ-FSUNs?si=NsstCea4EiIekCSe,
Sr Brown,Hwa-Rang,Left Punch Middle,No Change,https://youtu.be/TYUfZ-FSUNs?si=NsstCea4EiIekCSe,
Sr Brown,Hwa-Rang,Right Square Block,Right Back Stance,https://youtu.be/TYUfZ-FSUNs?si=NsstCea4EiIekCSe,
Sr Brown,Hwa-Rang,Left Reverse Upset Punch High,Right Back Stance,https://youtu.be/TYUfZ-FSUNs?si=NsstCea4EiIekCSe,
Sr Brown,Hwa-Rang,Right Punch Middle,Right Fixed Stance,https://youtu.be/TYUfZ-FSUNs?si=NsstCea4EiIekCSe,
Sr Brown,Hwa-Rang,Right Downward Knifehand Strike,L Stance,https://youtu.be/TYUfZ-FSUNs?si=NsstCea4EiIekCSe,
Sr Brown,Hwa-Rang,Left Punch Middle,Left Front Stance,https://youtu.be/TYUfZ-FSUNs?si=NsstCea4EiIekCSe,
Sr Brown,Hwa-Rang,Left Low Block,Left Front Stance,https://youtu.be/TYUfZ-FSUNs?si=NsstCea4EiIekCSe,
Sr Brown,Hwa-Rang,Right Punch Middle,Right Front Stance,https://youtu.be/TYUfZ-FSUNs?si=NsstCea4EiIekCSe,
Sr Brown,Hwa-Rang,Left Hand Grab,Ready Stance C,https://youtu.be/TYUfZ-FSUNs?si=NsstCea4EiIekCSe,
Sr Brown,Hwa-Rang,Right Side Kick,N/A,https://youtu.be/TYUfZ-FSUNs?si=NsstCea4EiIekCSe,
Sr Brown,Hwa-Rang,Right Knifehand Strike Middle,Right Back Stance,https://youtu.be/TYUfZ-FSUNs?si=NsstCea4EiIekCSe,
Sr Brown,Hwa-Rang,Left Punch Middle,Left Front Stance,https://youtu.be/TYUfZ-FSUNs?si=NsstCea4EiIekCSe,
Sr Brown,Hwa-Rang,Right Punch Middle (Ki-Hap),Right Front Stance,https://youtu.be/TYUfZ-FSUNs?si=NsstCea4EiIekCSe,
Sr Brown,Hwa-Rang,Left Double Knifehand Block,Left Back Stance,https://youtu.be/TYUfZ-FSUNs?si=NsstCea4EiIekCSe,
Sr Brown,Hwa-Rang,Right Spearhand Middle,Right Front Stance,https://youtu.be/TYUfZ-FSUNs?si=NsstCea4EiIekCSe,
Sr Brown,Hwa-Rang,Left Double Knifehand Block,Left Back Stance,https://youtu.be/TYUfZ-FSUNs?si=NsstCea4EiIekCSe,
Sr Brown,Hwa-Rang,Right Round Kick,N/A,https://youtu.be/TYUfZ-FSUNs?si=NsstCea4EiIekCSe,
Sr Brown,Hwa-Rang,Left Round Kick,N/A,https://youtu.be/TYUfZ-FSUNs?si=NsstCea4EiIekCSe,
Sr Brown,Hwa-Rang,Left Double Knifehand Block,Left Back Stance,https://youtu.be/TYUfZ-FSUNs?si=NsstCea4EiIekCSe,
Sr Brown,Hwa-Rang,Left Low Block,Left Back Stance,https://youtu.be/TYUfZ-FSUNs?si=NsstCea4EiIekCSe,
Sr Brown,Hwa-Rang,Right Reverse Punch Middle,Left Fixed Stance,https://youtu.be/TYUfZ-FSUNs?si=NsstCea4EiIekCSe,
Sr Brown,Hwa-Rang,Left Reverse Punch Middle,Right Fixed Stance,https://youtu.be/TYUfZ-FSUNs?si=NsstCea4EiIekCSe,
Sr Brown,Hwa-Rang,Right Reverse Punch Middle,Left Fixed Stance,https://youtu.be/TYUfZ-FSUNs?si=NsstCea4EiIekCSe,
Sr Brown,Hwa-Rang,Left X Block Low,Left Front Stance,https://youtu.be/TYUfZ-FSUNs?si=NsstCea4EiIekCSe,
Sr Brown,Hwa-Rang,Right Backward Elbow Strike (Ki-Hap),Left Front Stance,https://youtu.be/TYUfZ-FSUNs?si=NsstCea4EiIekCSe,
Sr Brown,Hwa-Rang,Right Inner Forearm Block/Left Low Block,Closed Stance,https://youtu.be/TYUfZ-FSUNs?si=NsstCea4EiIekCSe,
Sr Brown,Hwa-Rang,Left Inner Forearm Block/Right Low Block,No Change,https://youtu.be/TYUfZ-FSUNs?si=NsstCea4EiIekCSe,
Sr Brown,Hwa-Rang,Left Double Knifehand Block,Left Back Stance,https://youtu.be/TYUfZ-FSUNs?si=NsstCea4EiIekCSe,
Sr Brown,Hwa-Rang,Right Double Knifehand Block,Right Back Stance,https://youtu.be/TYUfZ-FSUNs?si=NsstCea4EiIekCSe,
Red,Choong-Moo,N/A,Ready Stance A,https://youtu.be/_6bv5jAbgiQ?si=_0mfy-yxZOx1t96l,media/choong_moo_red.mp4
Red,Choong-Moo,Left Knifehand Square Block,Left Back Stance,https://youtu.be/_6bv5jAbgiQ?si=_0mfy-yxZOx1t96l,
Red,Choong-Moo,Right Outside Knifehand Strike/Left Reverse Knifehand High Block,Right Front Stance,https://youtu.be/_6bv5jAbgiQ?si=_0mfy-yxZOx1t96l,
Red,Choong-Moo,Right Double Knifehand Block,Right Back Stance,https://youtu.be/_6bv5jAbgiQ?si=_0mfy-yxZOx1t96l,
Red,Choong-Moo,Left Spearhand High,Left Front Stance,https://youtu.be/_6bv5jAbgiQ?si=_0mfy-yxZOx1t96l,
Red,Choong-Moo,Left Double Knifehand Block,Left Back Stance,https://youtu.be/_6bv5jAbgiQ?si=_0mfy-yxZOx1t96l,
Red,Choong-Moo,Right Side Kick,N/A,https://youtu.be/_6bv5jAbgiQ?si=_0mfy-yxZOx1t96l,
Red,Choong-Moo,Left Double Knifehand Block,Left Back Stance,https://youtu.be/_6bv5jAbgiQ?si=_0mfy-yxZOx1t96l,
Red,Choong-Moo,Right Jump Side Kick (Ki-Hap),N/A,https://youtu.be/_6bv5jAbgiQ?si=_0mfy-yxZOx1t96l,
Red,Choong-Moo,Right Double Knifehand Block,Right Back Stance,https://youtu.be/_6bv5jAbgiQ?si=_0mfy-yxZOx1t96l,
Red,Choong-Moo,Left Low Block,Left Back Stance,https://youtu.be/_6bv5jAbgiQ?si=_0mfy-yxZOx1t96l,
Red,Choong-Moo,Twin Grab High,Left Front Stance,https://youtu.be/_6bv5jAbgiQ?si=_0mfy-yxZOx1t96l,
Red,Choong-Moo,Right Knee Strike,N/A,https://youtu.be/_6bv5jAbgiQ?si=_0mfy-yxZOx1t96l,
Red,Choong-Moo,Right Reverse Ridgehand Strike High,Left Front Stance,https://youtu.be/_6bv5jAbgiQ?si=_0mfy-yxZOx1t96l,
Red,Choong-Moo,Right Round Kick,N/A,https://youtu.be/_6bv5jAbgiQ?si=_0mfy-yxZOx1t96l,
Red,Choong-Moo,Left Spin Side Kick,N/A,https://youtu.be/_6bv5jAbgiQ?si=_0mfy-yxZOx1t96l,
Red,Choong-Moo,Right Double Fist Block,Right Back Stance,https://youtu.be/_6bv5jAbgiQ?si=_0mfy-yxZOx1t96l,
Red,Choong-Moo,Left Round Kick,N/A,https://youtu.be/_6bv5jAbgiQ?si=_0mfy-yxZOx1t96l,
Red,Choong-Moo,Right C-Block,Right Back Stance,https://youtu.be/_6bv5jAbgiQ?si=_0mfy-yxZOx1t96l,
Red,Choong-Moo,Right Double Knifehand Block,Right Back Stance,https://youtu.be/_6bv5jAbgiQ?si=_0mfy-yxZOx1t96l,
Red,Choong-Moo,Right Reverse Spearhand Low,Left Front Stance,https://youtu.be/_6bv5jAbgiQ?si=_0mfy-yxZOx1t96l,
Red,Choong-Moo,Left Low Block/Right Downward Backfist,Left Back Stance,https://youtu.be/_6bv5jAbgiQ?si=_0mfy-yxZOx1t96l,
Red,Choong-Moo,Right Spearhand Middle,Right Front Stance,https://youtu.be/_6bv5jAbgiQ?si=_0mfy-yxZOx1t96l,
Red,Choong-Moo,Left Double Inner Forearm Block,Left Front Stance,https://youtu.be/_6bv5jAbgiQ?si=_0mfy-yxZOx1t96l,
Red,Choong-Moo,Right Supported Outside Block,Sitting Stance,https://youtu.be/_6bv5jAbgiQ?si=_0mfy-yxZOx1t96l,
Red,Choong-Moo,Right Back Fist,No Change,https://youtu.be/_6bv5jAbgiQ?si=_0mfy-yxZOx1t96l,
Red,Choong-Moo,Right Side Kick,N/A,https://youtu.be/_6bv5jAbgiQ?si=_0mfy-yxZOx1t96l,
Red,Choong-Moo,Left Side Kick,N/A,https://youtu.be/_6bv5jAbgiQ?si=_0mfy-yxZOx1t96l,
Red,Choong-Moo,Right Knifehand X-Block Middle,Right Back Stance,https://youtu.be/_6bv5jAbgiQ?si=_0mfy-yxZOx1t96l,
Red,Choong-Moo,Twin Palm Upset Strike High,Left Front Stance,https://youtu.be/_6bv5jAbgiQ?si=_0mfy-yxZOx1t96l,
Red,Choong-Moo,Right High Block,Right Front Stance,https://youtu.be/_6bv5jAbgiQ?si=_0mfy-yxZOx1t96l,
Red,Choong-Moo,Left Reverse Punch High (Ki-Hap),No Change,https://youtu.be/_6bv5jAbgiQ?si=_0mfy-yxZOx1t96l,
Sr Red,Choong-Moo,N/A,Ready Stance A,https://youtu.be/_6bv5jAbgiQ?si=_0mfy-yxZOx1t96l,
Sr Red,Choong-Moo,Left Knifehand Square Block,Left Back Stance,https://youtu.be/_6bv5jAbgiQ?si=_0mfy-yxZOx1t96l,
Sr Red,Choong-Moo,Right Outside Knifehand Strike/Left Reverse Knifehand High Block,Right Front Stance,https://youtu.be/_6bv5jAbgiQ?si=_0mfy-yxZOx1t96l,
Sr Red,Choong-Moo,Right Double Knifehand Block,Right Back Stance,https://youtu.be/_6bv5jAbgiQ?si=_0mfy-yxZOx1t96l,
Sr Red,Choong-Moo,Left Spearhand High,Left Front Stance,https://youtu.be/_6bv5jAbgiQ?si=_0mfy-yxZOx1t96l,
Sr Red,Choong-Moo,Left Double Knifehand Block,Left Back Stance,https://youtu.be/_6bv5jAbgiQ?si=_0mfy-yxZOx1t96l,
Sr Red,Choong-Moo,Right Side Kick,N/A,https://youtu.be/_6bv5jAbgiQ?si=_0mfy-yxZOx1t96l,
Sr Red,Choong-Moo,Left Double Knifehand Block,Left Back Stance,https://youtu.be/_6bv5jAbgiQ?si=_0mfy-yxZOx1t96l,
Sr Red,Choong-Moo,Right Jump Side Kick (Ki-Hap),N/A,https://youtu.be/_6bv5jAbgiQ?si=_0mfy-yxZOx1t96l,
Sr Red,Choong-Moo,Right Double Knifehand Block,Right Back Stance,https://youtu.be/_6bv5jAbgiQ?si=_0mfy-yxZOx1t96l,
Sr Red,Choong-Moo,Left Low Block,Left Back Stance,https://youtu.be/_6bv5jAbgiQ?si=_0mfy-yxZOx1t96l,
Sr Red,Choong-Moo,Twin Grab High,Left Front Stance,https://youtu.be/_6bv5jAbgiQ?si=_0mfy-yxZOx1t96l,
Sr Red,Choong-Moo,Right Knee Strike,N/A,https://youtu.be/_6bv5jAbgiQ?si=_0mfy-yxZOx1t96l,
Sr Red,Choong-Moo,Right Reverse Ridgehand Strike High,Left Front Stance,https://youtu.be/_6bv5jAbgiQ?si=_0mfy-yxZOx1t96l,
Sr Red,Choong-Moo,Right Round Kick,N/A,https://youtu.be/_6bv5jAbgiQ?si=_0mfy-yxZOx1t96l,
Sr Red,Choong-Moo,Left Spin Side Kick,N/A,https://youtu.be/_6bv5jAbgiQ?si=_0mfy-yxZOx1t96l,
Sr Red,Choong-Moo,Right Double Fist Block,Right Back Stance,https://youtu.be/_6bv5jAbgiQ?si=_0mfy-yxZOx1t96l,
Sr Red,Choong-Moo,Left Round Kick,N/A,https://youtu.be/_6bv5jAbgiQ?si=_0mfy-yxZOx1t96l,
Sr Red,Choong-Moo,Right C-Block,Right Back Stance,https://youtu.be/_6bv5jAbgiQ?si=_0mfy-yxZOx1t96l,
Sr Red,Choong-Moo,Right Double Knifehand Block,Right Back Stance,https://youtu.be/_6bv5jAbgiQ?si=_0mfy-yxZOx1t96l,
Sr Red,Choong-Moo,Right Reverse Spearhand Low,Left Front Stance,https://youtu.be/_6bv5jAbgiQ?si=_0mfy-yxZOx1t96l,
Sr Red,Choong-Moo,Left Low Block/Right Downward Backfist,Left Back Stance,https://youtu.be/_6bv5jAbgiQ?si=_0mfy-yxZOx1t96l,
Sr Red,Choong-Moo,Right Spearhand Middle,Right Front Stance,https://youtu.be/_6bv5jAbgiQ?si=_0mfy-yxZOx1t96l,
Sr Red,Choong-Moo,Left Double Inner Forearm Block,Left Front Stance,https://youtu.be/_6bv5jAbgiQ?si=_0mfy-yxZOx1t96l,
Sr Red,Choong-Moo,Right Supported Outside Block,Sitting Stance,https://youtu.be/_6bv5jAbgiQ?si=_0mfy-yxZOx1t96l,
Sr Red,Choong-Moo,Right Back Fist,No Change,https://youtu.be/_6bv5jAbgiQ?si=_0mfy-yxZOx1t96l,
Sr Red,Choong-Moo,Right Side Kick,N/A,https://youtu.be/_6bv5jAbgiQ?si=_0mfy-yxZOx1t96l,
Sr Red,Choong-Moo,Left Side Kick,N/A,https://youtu.be/_6bv5jAbgiQ?si=_0mfy-yxZOx1t96l,
Sr Red,Choong-Moo,Right Knifehand X-Block Middle,Right Back Stance,https://youtu.be/_6bv5jAbgiQ?si=_0mfy-yxZOx1t96l,
Sr Red,Choong-Moo,Twin Palm Upset Strike High,Left Front Stance,https://youtu.be/_6bv5jAbgiQ?si=_0mfy-yxZOx1t96l,
Sr Red,Choong-Moo,Right High Block,Right Front Stance,https://youtu.be/_6bv5jAbgiQ?si=_0mfy-yxZOx1t96l,
Sr Red,Choong-Moo,Left Reverse Punch High (Ki-Hap),No Change,https://youtu.be/_6bv5jAbgiQ?si=_0mfy-yxZOx1t96l,
First Deg Prob,Gwang-Gae,N/A,Ready Stance D,https://youtu.be/0VnyK--slN4?si=qlYIlnCAen2kshr5,media/gwan_gae_first_deg_prob_rec
First Deg Prob,Gwang-Gae,Double Downward Knifehand Strikes,Right One Leg Stance,https://youtu.be/0VnyK--slN4?si=qlYIlnCAen2kshr6,
First Deg Prob,Gwang-Gae,Ready Stance B,N/A,https://youtu.be/0VnyK--slN4?si=qlYIlnCAen2kshr7,
First Deg Prob,Gwang-Gae,Right Reverse Upset Punch Middle (Medium),Left Front Stance,https://youtu.be/0VnyK--slN4?si=qlYIlnCAen2kshr8,
First Deg Prob,Gwang-Gae,Left Reverse Upset Punch Middle (Medium),Right Front Stance,https://youtu.be/0VnyK--slN4?si=qlYIlnCAen2kshr9,
First Deg Prob,Gwang-Gae,Right Hooking Block,Right Front Stance,https://youtu.be/0VnyK--slN4?si=qlYIlnCAen2kshr10,
First Deg Prob,Gwang-Gae,Left Double Knifehand Block Low,Left Back Stance,https://youtu.be/0VnyK--slN4?si=qlYIlnCAen2kshr11,
First Deg Prob,Gwang-Gae,Left Hooking Block,Left Front Stance,https://youtu.be/0VnyK--slN4?si=qlYIlnCAen2kshr12,
First Deg Prob,Gwang-Gae,Right Double Knifehand Block Low,Right Back Stance,https://youtu.be/0VnyK--slN4?si=qlYIlnCAen2kshr13,
First Deg Prob,Gwang-Gae,Left Double Knifehand Block,Left Cat Stance,https://youtu.be/0VnyK--slN4?si=qlYIlnCAen2kshr14,
First Deg Prob,Gwang-Gae,Right Double Knifehand Block,Right Cat Stance,https://youtu.be/0VnyK--slN4?si=qlYIlnCAen2kshr15,
First Deg Prob,Gwang-Gae,Left Double Knifehand Block,Left Cat Stance,https://youtu.be/0VnyK--slN4?si=qlYIlnCAen2kshr16,
First Deg Prob,Gwang-Gae,Right Reverse Palm Heel Upset Strike High (Medium),Left Front Stance,https://youtu.be/0VnyK--slN4?si=qlYIlnCAen2kshr17,
First Deg Prob,Gwang-Gae,Left Reverse Palm Heel Upset Strike High (Medium),Right Front Stance,https://youtu.be/0VnyK--slN4?si=qlYIlnCAen2kshr18,
First Deg Prob,Gwang-Gae,Right Knifehand Strike Low To Left Palm,Closed Stance,https://youtu.be/0VnyK--slN4?si=qlYIlnCAen2kshr19,
First Deg Prob,Gwang-Gae,Left Side Kick Low,N/A,https://youtu.be/0VnyK--slN4?si=qlYIlnCAen2kshr20,
First Deg Prob,Gwang-Gae,Left Side Kick High,N/A,https://youtu.be/0VnyK--slN4?si=qlYIlnCAen2kshr21,
First Deg Prob,Gwang-Gae,Right Reverse Outside Knifehand Strike High,Left Back Stance,https://youtu.be/0VnyK--slN4?si=qlYIlnCAen2kshr22,
First Deg Prob,Gwang-Gae,Left Downward Hammer Fist,Closed Stance,https://youtu.be/0VnyK--slN4?si=qlYIlnCAen2kshr23,
First Deg Prob,Gwang-Gae,Right Side Kick Low,N/A,https://youtu.be/0VnyK--slN4?si=qlYIlnCAen2kshr24,
First Deg Prob,Gwang-Gae,Right Side Kick High,N/A,https://youtu.be/0VnyK--slN4?si=qlYIlnCAen2kshr25,
First Deg Prob,Gwang-Gae,Left Reverse Outside Knifehand Strike High,Right Back Stance,https://youtu.be/0VnyK--slN4?si=qlYIlnCAen2kshr26,
First Deg Prob,Gwang-Gae,Right Downward Hammer Fist,Closed Stance,https://youtu.be/0VnyK--slN4?si=qlYIlnCAen2kshr27,
First Deg Prob,Gwang-Gae,Right Reverse Palm Heel Press Block Low (Medium),Left Front Stance,https://youtu.be/0VnyK--slN4?si=qlYIlnCAen2kshr28,
First Deg Prob,Gwang-Gae,Left Reverse Palm Heel Press Block Low (Medium),Right Front Stance,https://youtu.be/0VnyK--slN4?si=qlYIlnCAen2kshr29,
First Deg Prob,Gwang-Gae,Right Outside Crescent Kick,N/A,https://youtu.be/0VnyK--slN4?si=qlYIlnCAen2kshr30,
First Deg Prob,Gwang-Gae,Right Back Fist (Ki-Hap),Sitting Stance,https://youtu.be/0VnyK--slN4?si=qlYIlnCAen2kshr31,
First Deg Prob,Gwang-Gae,Right Double Inner Forearm Block,Right Front Stance,https://youtu.be/0VnyK--slN4?si=qlYIlnCAen2kshr32,
First Deg Prob,Gwang-Gae,Right Innerfforearm Block/Left Reverse Low Block,Right Front Stance,https://youtu.be/0VnyK--slN4?si=qlYIlnCAen2kshr33,
First Deg Prob,Gwang-Gae,Right Horizontal Spear Hand High (Medium),Right Extended Front Stance,https://youtu.be/0VnyK--slN4?si=qlYIlnCAen2kshr34,
First Deg Prob,Gwang-Gae,Left Outside Crescent Kick,N/A,https://youtu.be/0VnyK--slN4?si=qlYIlnCAen2kshr35,
First Deg Prob,Gwang-Gae,Left Back Fist (Ki-Hap),Sitting Stance,https://youtu.be/0VnyK--slN4?si=qlYIlnCAen2kshr36,
First Deg Prob,Gwang-Gae,Left Double Inner Forearm Block,Left Front Stance,https://youtu.be/0VnyK--slN4?si=qlYIlnCAen2kshr37,
First Deg Prob,Gwang-Gae,Left Innerfforearm Block/Right Reverse Low Block,Left Front Stance,https://youtu.be/0VnyK--slN4?si=qlYIlnCAen2kshr38,
First Deg Prob,Gwang-Gae,Left Horizontal Spear Hand High (Medium),Left Extended Front Stance,https://youtu.be/0VnyK--slN4?si=qlYIlnCAen2kshr39,
First Deg Prob,Gwang-Gae,Twin Punch High,Right Front Stance,https://youtu.be/0VnyK--slN4?si=qlYIlnCAen2kshr40,
First Deg Prob,Gwang-Gae,Twin Upset Punch Middle,Left Front Stance,https://youtu.be/0VnyK--slN4?si=qlYIlnCAen2kshr41,
First Deg Prob,Gwang-Gae,Right Front Kick,N/A,https://youtu.be/0VnyK--slN4?si=qlYIlnCAen2kshr42,
First Deg Prob,Gwang-Gae,Right Double Knifehand Block,Right Back Stance,https://youtu.be/0VnyK--slN4?si=qlYIlnCAen2kshr43,
First Deg Prob,Gwang-Gae,Left Punch High,Left Front Stance,https://youtu.be/0VnyK--slN4?si=qlYIlnCAen2kshr44,
First Deg Prob,Gwang-Gae,Twin Upset Punch Middle,Right Front Stance,https://youtu.be/0VnyK--slN4?si=qlYIlnCAen2kshr45,
First Deg Prob,Gwang-Gae,Left Front Kick,N/A,https://youtu.be/0VnyK--slN4?si=qlYIlnCAen2kshr46,
First Deg Prob,Gwang-Gae,Left Double Knifehand Block,Left Back Stance,https://youtu.be/0VnyK--slN4?si=qlYIlnCAen2kshr47,
First Deg Prob,Gwang-Gae,Right Punch High,Right Front Stance,https://youtu.be/0VnyK--slN4?si=qlYIlnCAen2kshr48,
First Deg Rec,Gwang-Gae,N/A,Ready Stance D,https://youtu.be/0VnyK--slN4?si=qlYIlnCAen2kshr49,
First Deg Rec,Gwang-Gae,Double Downward Knifehand Strikes,Right One Leg Stance,https://youtu.be/0VnyK--slN4?si=qlYIlnCAen2kshr50,
First Deg Rec,Gwang-Gae,Ready Stance B,N/A,https://youtu.be/0VnyK--slN4?si=qlYIlnCAen2kshr51,
First Deg Rec,Gwang-Gae,Right Reverse Upset Punch Middle (Medium),Left Front Stance,https://youtu.be/0VnyK--slN4?si=qlYIlnCAen2kshr52,
First Deg Rec,Gwang-Gae,Left Reverse Upset Punch Middle (Medium),Right Front Stance,https://youtu.be/0VnyK--slN4?si=qlYIlnCAen2kshr53,
First Deg Rec,Gwang-Gae,Right Hooking Block,Right Front Stance,https://youtu.be/0VnyK--slN4?si=qlYIlnCAen2kshr54,
First Deg Rec,Gwang-Gae,Left Double Knifehand Block Low,Left Back Stance,https://youtu.be/0VnyK--slN4?si=qlYIlnCAen2kshr55,
First Deg Rec,Gwang-Gae,Left Hooking Block,Left Front Stance,https://youtu.be/0VnyK--slN4?si=qlYIlnCAen2kshr56,
First Deg Rec,Gwang-Gae,Right Double Knifehand Block Low,Right Back Stance,https://youtu.be/0VnyK--slN4?si=qlYIlnCAen2kshr57,
First Deg Rec,Gwang-Gae,Left Double Knifehand Block,Left Cat Stance,https://youtu.be/0VnyK--slN4?si=qlYIlnCAen2kshr58,
First Deg Rec,Gwang-Gae,Right Double Knifehand Block,Right Cat Stance,https://youtu.be/0VnyK--slN4?si=qlYIlnCAen2kshr59,
First Deg Rec,Gwang-Gae,Left Double Knifehand Block,Left Cat Stance,https://youtu.be/0VnyK--slN4?si=qlYIlnCAen2kshr60,
First Deg Rec,Gwang-Gae,Right Reverse Palm Heel Upset Strike High (Medium),Left Front Stance,https://youtu.be/0VnyK--slN4?si=qlYIlnCAen2kshr61,
First Deg Rec,Gwang-Gae,Left Reverse Palm Heel Upset Strike High (Medium),Right Front Stance,https://youtu.be/0VnyK--slN4?si=qlYIlnCAen2kshr62,
First Deg Rec,Gwang-Gae,Right Knifehand Strike Low To Left Palm,Closed Stance,https://youtu.be/0VnyK--slN4?si=qlYIlnCAen2kshr63,
First Deg Rec,Gwang-Gae,Left Side Kick Low,N/A,https://youtu.be/0VnyK--slN4?si=qlYIlnCAen2kshr64,
First Deg Rec,Gwang-Gae,Left Side Kick High,N/A,https://youtu.be/0VnyK--slN4?si=qlYIlnCAen2kshr65,
First Deg Rec,Gwang-Gae,Right Reverse Outside Knifehand Strike High,Left Back Stance,https://youtu.be/0VnyK--slN4?si=qlYIlnCAen2kshr66,
First Deg Rec,Gwang-Gae,Left Downward Hammer Fist,Closed Stance,https://youtu.be/0VnyK--slN4?si=qlYIlnCAen2kshr67,
First Deg Rec,Gwang-Gae,Right Side Kick Low,N/A,https://youtu.be/0VnyK--slN4?si=qlYIlnCAen2kshr68,
First Deg Rec,Gwang-Gae,Right Side Kick High,N/A,https://youtu.be/0VnyK--slN4?si=qlYIlnCAen2kshr69,
First Deg Rec,Gwang-Gae,Left Reverse Outside Knifehand Strike High,Right Back Stance,https://youtu.be/0VnyK--slN4?si=qlYIlnCAen2kshr70,
First Deg Rec,Gwang-Gae,Right Downward Hammer Fist,Closed Stance,https://youtu.be/0VnyK--slN4?si=qlYIlnCAen2kshr71,
First Deg Rec,Gwang-Gae,Right Reverse Palm Heel Press Block Low (Medium),Left Front Stance,https://youtu.be/0VnyK--slN4?si=qlYIlnCAen2kshr72,
First Deg Rec,Gwang-Gae,Left Reverse Palm Heel Press Block Low (Medium),Right Front Stance,https://youtu.be/0VnyK--slN4?si=qlYIlnCAen2kshr73,
First Deg Rec,Gwang-Gae,Right Outside Crescent Kick,N/A,https://youtu.be/0VnyK--slN4?si=qlYIlnCAen2kshr74,
First Deg Rec,Gwang-Gae,Right Back Fist (Ki-Hap),Sitting Stance,https://youtu.be/0VnyK--slN4?si=qlYIlnCAen2kshr75,
First Deg Rec,Gwang-Gae,Right Double Inner Forearm Block,Right Front Stance,https://youtu.be/0VnyK--slN4?si=qlYIlnCAen2kshr76,
First Deg Rec,Gwang-Gae,Right Innerfforearm Block/Left Reverse Low Block,Right Front Stance,https://youtu.be/0VnyK--slN4?si=qlYIlnCAen2kshr77,
First Deg Rec,Gwang-Gae,Right Horizontal Spear Hand High (Medium),Right Extended Front Stance,https://youtu.be/0VnyK--slN4?si=qlYIlnCAen2kshr78,
First Deg Rec,Gwang-Gae,Left Outside Crescent Kick,N/A,https://youtu.be/0VnyK--slN4?si=qlYIlnCAen2kshr79,
First Deg Rec,Gwang-Gae,Left Back Fist (Ki-Hap),Sitting Stance,https://youtu.be/0VnyK--slN4?si=qlYIlnCAen2kshr80,
First Deg Rec,Gwang-Gae,Left Double Inner Forearm Block,Left Front Stance,https://youtu.be/0VnyK--slN4?si=qlYIlnCAen2kshr81,
First Deg Rec,Gwang-Gae,Left Innerfforearm Block/Right Reverse Low Block,Left Front Stance,https://youtu.be/0VnyK--slN4?si=qlYIlnCAen2kshr82,
First Deg Rec,Gwang-Gae,Left Horizontal Spear Hand High (Medium),Left Extended Front Stance,https://youtu.be/0VnyK--slN4?si=qlYIlnCAen2kshr83,
First Deg Rec,Gwang-Gae,Twin Punch High,Right Front Stance,https://youtu.be/0VnyK--slN4?si=qlYIlnCAen2kshr84,
First Deg Rec,Gwang-Gae,Twin Upset Punch Middle,Left Front Stance,https://youtu.be/0VnyK--slN4?si=qlYIlnCAen2kshr85,
First Deg Rec,Gwang-Gae,Right Front Kick,N/A,https://youtu.be/0VnyK--slN4?si=qlYIlnCAen2kshr86,
First Deg Rec,Gwang-Gae,Right Double Knifehand Block,Right Back Stance,https://youtu.be/0VnyK--slN4?si=qlYIlnCAen2kshr87,
First Deg Rec,Gwang-Gae,Left Punch High,Left Front Stance,https://youtu.be/0VnyK--slN4?si=qlYIlnCAen2kshr88,
First Deg Rec,Gwang-Gae,Twin Upset Punch Middle,Right Front Stance,https://youtu.be/0VnyK--slN4?si=qlYIlnCAen2kshr89,
First Deg Rec,Gwang-Gae,Left Front Kick,N/A,https://youtu.be/0VnyK--slN4?si=qlYIlnCAen2kshr90,
First Deg Rec,Gwang-Gae,Left Double Knifehand Block,Left Back Stance,https://youtu.be/0VnyK--slN4?si=qlYIlnCAen2kshr91,
First Deg Rec,Gwang-Gae,Right Punch High,Right Front Stance,https://youtu.be/0VnyK--slN4?si=qlYIlnCAen2kshr92,
First Deg Dec,Poe-Eun,N/A,Ready Stance D,https://youtu.be/s4QaAHHNJKo?si=SulkBtEijvZMIgAD,
First Deg Dec,Poe-Eun,Left Double Fist Block,Left Back Stance,https://youtu.be/s4QaAHHNJKo?si=SulkBtEijvZMIgAD,
First Deg Dec,Poe-Eun,Left Double Upward Punch High,Left One-Leg Stance,https://youtu.be/s4QaAHHNJKo?si=SulkBtEijvZMIgAD,
First Deg Dec,Poe-Eun,Right Side Kick Low,N/A,https://youtu.be/s4QaAHHNJKo?si=SulkBtEijvZMIgAD,
First Deg Dec,Poe-Eun,Right Knifehand Strike Middle,Sitting Stance,https://youtu.be/s4QaAHHNJKo?si=SulkBtEijvZMIgAD,
First Deg Dec,Poe-Eun,Left Horizontal Punch,No Change,https://youtu.be/s4QaAHHNJKo?si=SulkBtEijvZMIgAD,
First Deg Dec,Poe-Eun,Right Inner Forearm Block/Left Low Block,No Change,https://youtu.be/s4QaAHHNJKo?si=SulkBtEijvZMIgAD,
First Deg Dec,Poe-Eun,Left Inner Forearm Block/Right Low Block,No Change,https://youtu.be/s4QaAHHNJKo?si=SulkBtEijvZMIgAD,
First Deg Dec,Poe-Eun,Twin Inner Forearm Block,No Change,https://youtu.be/s4QaAHHNJKo?si=SulkBtEijvZMIgAD,
First Deg Dec,Poe-Eun,Right Backward Elbow Strike  ,No Change,https://youtu.be/s4QaAHHNJKo?si=SulkBtEijvZMIgAD,
First Deg Dec,Poe-Eun,Right Punch Middle,No Change,https://youtu.be/s4QaAHHNJKo?si=SulkBtEijvZMIgAD,
First Deg Dec,Poe-Eun,Left Backward Elbow Strike,No Change,https://youtu.be/s4QaAHHNJKo?si=SulkBtEijvZMIgAD,
First Deg Dec,Poe-Eun,Right Double Horizontal Punch,No Change,https://youtu.be/s4QaAHHNJKo?si=SulkBtEijvZMIgAD,
First Deg Dec,Poe-Eun,Right Wrist Slap Low,Left X Stance,https://youtu.be/s4QaAHHNJKo?si=SulkBtEijvZMIgAD,
First Deg Dec,Poe-Eun,Right C-Block (Ki-Hap),Right Back Stance,https://youtu.be/s4QaAHHNJKo?si=SulkBtEijvZMIgAD,
First Deg Dec,Poe-Eun,Twing Elbow Strike (Medium),Closed Stance,https://youtu.be/s4QaAHHNJKo?si=SulkBtEijvZMIgAD,
First Deg Dec,Poe-Eun,Left Low Block/Right Backfist,Sitting Stance,https://youtu.be/s4QaAHHNJKo?si=SulkBtEijvZMIgAD,
First Deg Dec,Poe-Eun,Left Hammer Fist to Right Palm,Right X Stance,https://youtu.be/s4QaAHHNJKo?si=SulkBtEijvZMIgAD,
First Deg Dec,Poe-Eun,Left Circular Double Ridgehand Block Low,Left Back Stance,https://youtu.be/s4QaAHHNJKo?si=SulkBtEijvZMIgAD,
First Deg Dec,Poe-Eun,Right Double Fist Block,Right Back Stance,https://youtu.be/s4QaAHHNJKo?si=SulkBtEijvZMIgAD,
First Deg Dec,Poe-Eun,Right Double Upward Punch High,Right One-Leg Stance,https://youtu.be/s4QaAHHNJKo?si=SulkBtEijvZMIgAD,
First Deg Dec,Poe-Eun,Left Side Kick Low,N/A,https://youtu.be/s4QaAHHNJKo?si=SulkBtEijvZMIgAD,
First Deg Dec,Poe-Eun,Left Knifehand Strike Middle,Sitting Stance,https://youtu.be/s4QaAHHNJKo?si=SulkBtEijvZMIgAD,
First Deg Dec,Poe-Eun,Right HoriRightontal Punch,No Change,https://youtu.be/s4QaAHHNJKo?si=SulkBtEijvZMIgAD,
First Deg Dec,Poe-Eun,Left Inner Forearm Block/Right Low Block,No Change,https://youtu.be/s4QaAHHNJKo?si=SulkBtEijvZMIgAD,
First Deg Dec,Poe-Eun,Right Inner Forearm Block/Left Low Block,No Change,https://youtu.be/s4QaAHHNJKo?si=SulkBtEijvZMIgAD,
First Deg Dec,Poe-Eun,Twin Inner Forearm Block,No Change,https://youtu.be/s4QaAHHNJKo?si=SulkBtEijvZMIgAD,
First Deg Dec,Poe-Eun,Left Backward Elbow Strike  ,No Change,https://youtu.be/s4QaAHHNJKo?si=SulkBtEijvZMIgAD,
First Deg Dec,Poe-Eun,Left Punch Middle,No Change,https://youtu.be/s4QaAHHNJKo?si=SulkBtEijvZMIgAD,
First Deg Dec,Poe-Eun,Right Backward Elbow Strike,No Change,https://youtu.be/s4QaAHHNJKo?si=SulkBtEijvZMIgAD,
First Deg Dec,Poe-Eun,Left Double HoriRightontal Punch,No Change,https://youtu.be/s4QaAHHNJKo?si=SulkBtEijvZMIgAD,
First Deg Dec,Poe-Eun,Left Wrist Slap Low,Right X Stance,https://youtu.be/s4QaAHHNJKo?si=SulkBtEijvZMIgAD,
First Deg Dec,Poe-Eun,Left C-Block (Ki-Hap),Left Back Stance,https://youtu.be/s4QaAHHNJKo?si=SulkBtEijvZMIgAD,
First Deg Dec,Poe-Eun,Twing Elbow Strike (Medium),Closed Stance,https://youtu.be/s4QaAHHNJKo?si=SulkBtEijvZMIgAD,
First Deg Dec,Poe-Eun,Right Low Block/Left Backfist,Sitting Stance,https://youtu.be/s4QaAHHNJKo?si=SulkBtEijvZMIgAD,
First Deg Dec,Poe-Eun,Right Hammer Fist to Left Palm,Left X Stance,https://youtu.be/s4QaAHHNJKo?si=SulkBtEijvZMIgAD,
First Deg Dec,Poe-Eun,Right Circular Double Ridgehand Block Low,Right Back Stance,https://youtu.be/s4QaAHHNJKo?si=SulkBtEijvZMIgAD,
