belt,kick
White,Front
White,Side
White,Crescent
Yellow,Round
Yellow,Spin Side
Yellow,Spin Crescent
Orange,Jump Side
Orange,Jump Round
Orange,Jump Front
Sr Orange,Jump Side
Sr Orange,Jump Round
Sr Orange,Jump Front
Green,Hook
Green,Spin Hook
Green,Spin Heel
Sr Green,Hook
Sr Green,Spin Hook
Sr Green,Spin Heel
Purple,Jump Spin Side
Purple,Jump Spin Crescent
Purple,Jump Spin Hook
Sr Purple,Jump Spin Side
Sr Purple,Jump Spin Crescent
Sr Purple,Jump Spin Hook
Blue,360 Inside Crescent (Butterfly)
Blue,360 Front
Blue,360 Round
Sr Blue,360 Inside Crescent (Butterfly)
Sr Blue,360 Front
Sr Blue,360 Round
Brown,360 Side
Brown,360 Hook
Brown,360 Heel
Sr Brown,360 Side
Sr Brown,360 Hook
Sr Brown,360 Heel
Red,Front
Red,Side
Red,Crescent
Red,Round
Red,Spin Side
Red,Spin Crescent
Red,Hook
Red,Spin Hook
Red,Spin Heel
Red,Twist Kick
Sr Red,Front
Sr Red,Side
Sr Red,Crescent
Sr Red,Round
Sr Red,Spin Side
Sr Red,Spin Crescent
Sr Red,Hook
Sr Red,Spin Hook
Sr Red,Spin Heel
Sr Red,Twist Kick
First Deg Prob,Jump Spin Side
First Deg Prob,Jump Spin Crescent
First Deg Prob,Jump Spin Hook
First Deg Prob,360 Inside Crescent (Butterfly)
First Deg Prob,360 Front
First Deg Prob,360 Round
First Deg Prob,360 Side
First Deg Prob,360 Hook
First Deg Prob,360 Heel
First Deg Rec,Jump Spin Side
First Deg Rec,Jump Spin Crescent
First Deg Rec,Jump Spin Hook
First Deg Rec,360 Inside Crescent (Butterfly)
First Deg Rec,360 Front
First Deg Rec,360 Round
First Deg Rec,360 Side
First Deg Rec,360 Hook
First Deg Rec,360 Heel
